ts,tempC,humidity
2025-11-11T10:10:24.669064,23.50,36.00
2025-11-11T10:10:24.771295,23.50,36.00
2025-11-11T10:10:24.873053,23.50,36.00
2025-11-11T10:10:24.975491,23.50,36.00
2025-11-11T10:10:25.077941,23.50,36.00
2025-11-11T10:10:25.180073,23.50,36.00
2025-11-11T10:10:25.282240,23.50,36.00
2025-11-11T10:10:25.385035,23.50,36.00
2025-11-11T10:10:25.488261,23.50,36.00
2025-11-11T10:10:25.592034,23.50,36.00
ts,tempC,humidity
2025-11-11T10:17:55.005533,23.90,34.00
2025-11-11T10:17:55.108117,23.90,34.00
2025-11-11T10:17:55.210437,23.90,34.00
2025-11-11T10:17:55.312362,23.90,34.00
2025-11-11T10:17:55.415047,23.90,34.00
2025-11-11T10:17:55.517851,23.90,34.00
2025-11-11T10:17:55.622543,23.90,34.00
2025-11-11T10:17:55.725161,23.90,34.00
2025-11-11T10:17:55.828259,23.90,34.00
2025-11-11T10:17:55.930888,23.90,34.00
ts,tempC,humidity
2025-11-11T10:34:35.816660,24.10,34.00
2025-11-11T10:34:35.918472,24.10,34.00
2025-11-11T10:34:36.019846,24.10,34.00
2025-11-11T10:34:36.121756,24.10,34.00
2025-11-11T10:34:36.224782,24.10,34.00
2025-11-11T10:34:36.326705,24.10,34.00
2025-11-11T10:34:36.428845,24.10,34.00
2025-11-11T10:34:36.531329,24.10,34.00
2025-11-11T10:34:36.633874,24.10,34.00
2025-11-11T10:34:36.735611,24.10,34.00
2025-11-11T10:34:36.837305,24.10,34.00
2025-11-11T10:34:36.940128,24.10,34.00
2025-11-11T10:34:37.042928,24.10,34.00
2025-11-11T10:34:37.144864,24.10,34.00
2025-11-11T10:34:37.249073,24.10,34.00
2025-11-11T10:34:37.352148,24.10,34.00
2025-11-11T10:34:37.454905,24.10,34.00
2025-11-11T10:34:37.559494,24.10,34.00
2025-11-11T10:34:37.662432,24.10,34.00
2025-11-11T10:34:37.764915,24.10,34.00
2025-11-11T10:34:37.868429,24.10,34.00
2025-11-11T10:34:37.970913,24.10,34.00
2025-11-11T10:34:38.073217,24.10,34.00
2025-11-11T10:34:38.174997,24.10,34.00
2025-11-11T10:34:38.276845,24.10,34.00
2025-11-11T10:34:38.378944,24.10,34.00
2025-11-11T10:34:38.480846,24.10,34.00
2025-11-11T10:34:38.583073,24.10,34.00
2025-11-11T10:34:38.684602,24.10,34.00
2025-11-11T10:34:38.786712,24.10,34.00
2025-11-11T10:34:38.889211,24.10,34.00
2025-11-11T10:34:38.992491,24.10,34.00
2025-11-11T10:34:39.094657,24.10,34.00
2025-11-11T10:34:39.196373,24.10,34.00
2025-11-11T10:34:39.299268,24.10,34.00
2025-11-11T10:34:39.401555,24.10,34.00
2025-11-11T10:34:39.503641,24.10,34.00
2025-11-11T10:34:39.607695,24.10,34.00
2025-11-11T10:34:39.710139,24.10,34.00
2025-11-11T10:34:39.813354,24.10,34.00
2025-11-11T10:34:39.915433,24.10,34.00
2025-11-11T10:34:40.018585,24.10,34.00
2025-11-11T10:34:40.120819,24.10,34.00
2025-11-11T10:34:40.223026,24.10,34.00
2025-11-11T10:34:40.324920,24.10,34.00
2025-11-11T10:34:40.427264,24.10,34.00
2025-11-11T10:34:40.530154,24.10,34.00
2025-11-11T10:34:40.633608,24.10,34.00
2025-11-11T10:34:40.736519,24.10,34.00
2025-11-11T10:34:40.838628,24.10,34.00
2025-11-11T10:34:40.941795,24.10,34.00
2025-11-11T10:34:41.043964,24.10,34.00
2025-11-11T10:34:41.147656,24.10,34.00
2025-11-11T10:34:41.250235,24.10,34.00
2025-11-11T10:34:41.352785,24.10,34.00
2025-11-11T10:34:41.455115,24.10,34.00
2025-11-11T10:34:41.557673,24.10,34.00
2025-11-11T10:34:41.660597,24.10,34.00
2025-11-11T10:34:41.762544,24.10,34.00
2025-11-11T10:34:41.864571,24.10,34.00
2025-11-11T10:34:41.966287,24.10,34.00
2025-11-11T10:34:42.068078,24.10,34.00
2025-11-11T10:34:42.170561,24.10,34.00
2025-11-11T10:34:42.272712,24.10,34.00
2025-11-11T10:34:42.374400,24.10,34.00
2025-11-11T10:34:42.476193,24.10,34.00
2025-11-11T10:34:42.578260,24.10,34.00
2025-11-11T10:34:42.681069,24.10,34.00
2025-11-11T10:34:42.782759,24.10,34.00
2025-11-11T10:34:42.884514,24.10,34.00
2025-11-11T10:34:42.987497,24.10,34.00
2025-11-11T10:34:43.090582,24.10,34.00
2025-11-11T10:34:43.193187,24.10,34.00
2025-11-11T10:34:43.295090,24.10,34.00
2025-11-11T10:34:43.396783,24.10,34.00
2025-11-11T10:34:43.498771,24.10,34.00
2025-11-11T10:34:43.600362,24.10,34.00
2025-11-11T10:34:43.702376,24.10,34.00
2025-11-11T10:34:43.804230,24.10,34.00
2025-11-11T10:34:43.906610,24.10,34.00
2025-11-11T10:34:44.008825,24.10,34.00
2025-11-11T10:34:44.110784,24.10,34.00
2025-11-11T10:34:44.213295,24.10,34.00
2025-11-11T10:34:44.315619,24.10,34.00
2025-11-11T10:34:44.419386,24.10,34.00
2025-11-11T10:34:44.521845,24.10,34.00
2025-11-11T10:34:44.623928,24.10,34.00
2025-11-11T10:34:44.728842,24.10,34.00
2025-11-11T10:34:44.830897,24.10,34.00
2025-11-11T10:34:44.932533,24.10,34.00
2025-11-11T10:34:45.034841,24.10,34.00
2025-11-11T10:34:45.136297,24.10,34.00
2025-11-11T10:34:45.238126,24.10,34.00
2025-11-11T10:34:45.339580,24.10,34.00
2025-11-11T10:34:45.441601,24.10,34.00
2025-11-11T10:34:45.543324,24.10,34.00
2025-11-11T10:34:45.644740,24.10,34.00
2025-11-11T10:34:45.746576,24.10,34.00
2025-11-11T10:34:45.849162,24.10,34.00
2025-11-11T10:34:45.952676,24.10,34.00
2025-11-11T10:34:46.054438,24.10,34.00
2025-11-11T10:34:46.156332,24.10,34.00
2025-11-11T10:34:46.258766,24.10,34.00
2025-11-11T10:34:46.360370,24.10,34.00
2025-11-11T10:34:46.462047,24.10,34.00
2025-11-11T10:34:46.564073,24.10,34.00
2025-11-11T10:34:46.667865,24.10,34.00
2025-11-11T10:34:46.769999,24.10,34.00
2025-11-11T10:34:46.871791,24.10,34.00
2025-11-11T10:34:46.974000,24.10,34.00
2025-11-11T10:34:47.076137,24.10,34.00
2025-11-11T10:34:47.178980,24.10,34.00
2025-11-11T10:34:47.280806,24.10,34.00
2025-11-11T10:34:47.382945,24.10,34.00
2025-11-11T10:34:47.484771,24.10,34.00
2025-11-11T10:34:47.586801,24.10,34.00
2025-11-11T10:34:47.689107,24.10,34.00
2025-11-11T10:34:47.791254,24.10,34.00
2025-11-11T10:34:47.893154,24.10,34.00
2025-11-11T10:34:47.994947,24.10,34.00
2025-11-11T10:34:48.096535,24.10,34.00
2025-11-11T10:34:48.198737,24.10,34.00
2025-11-11T10:34:48.300822,24.10,34.00
2025-11-11T10:34:48.403258,24.10,34.00
2025-11-11T10:34:48.505483,24.10,34.00
2025-11-11T10:34:48.607895,24.10,34.00
2025-11-11T10:34:48.710321,24.10,34.00
2025-11-11T10:34:48.812436,24.10,34.00
2025-11-11T10:34:48.914542,24.10,34.00
2025-11-11T10:34:49.017055,24.10,34.00
2025-11-11T10:34:49.119089,24.10,34.00
2025-11-11T10:34:49.220885,24.10,34.00
2025-11-11T10:34:49.323522,24.10,34.00
2025-11-11T10:34:49.425803,24.10,34.00
2025-11-11T10:34:49.527315,24.10,34.00
2025-11-11T10:34:49.628661,24.10,34.00
2025-11-11T10:34:49.730600,24.10,34.00
2025-11-11T10:34:49.832431,24.10,34.00
2025-11-11T10:34:49.934428,24.10,34.00
2025-11-11T10:34:50.035979,24.10,34.00
2025-11-11T10:34:50.137290,24.10,34.00
2025-11-11T10:34:50.239091,24.10,34.00
2025-11-11T10:34:50.340999,24.10,34.00
2025-11-11T10:34:50.442935,24.10,34.00
2025-11-11T10:34:50.544956,24.10,34.00
2025-11-11T10:34:50.646663,24.10,34.00
2025-11-11T10:34:50.748899,24.10,34.00
2025-11-11T10:34:50.850807,24.10,34.00
2025-11-11T10:34:50.953099,24.10,34.00
2025-11-11T10:34:51.055745,24.10,34.00
2025-11-11T10:34:51.158622,24.10,34.00
2025-11-11T10:34:51.261008,24.10,34.00
2025-11-11T10:34:51.364285,24.10,34.00
2025-11-11T10:34:51.466761,24.10,34.00
2025-11-11T10:34:51.568356,24.10,34.00
2025-11-11T10:34:51.670959,24.10,34.00
2025-11-11T10:34:51.772710,24.10,34.00
2025-11-11T10:34:51.875614,24.10,34.00
2025-11-11T10:34:51.978998,24.10,34.00
2025-11-11T10:34:52.081701,24.10,34.00
2025-11-11T10:34:52.183800,24.10,34.00
2025-11-11T10:34:52.286246,24.10,34.00
2025-11-11T10:34:52.388777,24.10,34.00
2025-11-11T10:34:52.491062,24.10,34.00
2025-11-11T10:34:52.593462,24.10,34.00
2025-11-11T10:34:52.696693,24.10,34.00
2025-11-11T10:34:52.798583,24.10,34.00
2025-11-11T10:34:52.900618,24.10,34.00
2025-11-11T10:34:53.003077,24.10,34.00
2025-11-11T10:34:53.105503,24.10,34.00
2025-11-11T10:34:53.208093,24.10,34.00
2025-11-11T10:34:53.310432,24.10,34.00
2025-11-11T10:34:53.412504,24.10,34.00
2025-11-11T10:34:53.514871,24.10,34.00
2025-11-11T10:34:53.618253,24.10,34.00
2025-11-11T10:34:53.721107,24.10,34.00
2025-11-11T10:34:53.823327,24.10,34.00
2025-11-11T10:34:53.925626,24.10,34.00
2025-11-11T10:34:54.027970,24.10,34.00
2025-11-11T10:34:54.130534,24.10,34.00
2025-11-11T10:34:54.233794,24.10,34.00
2025-11-11T10:34:54.336797,24.10,34.00
2025-11-11T10:34:54.439688,24.10,34.00
2025-11-11T10:34:54.542644,24.10,34.00
2025-11-11T10:34:54.646189,24.10,34.00
2025-11-11T10:34:54.748744,24.10,34.00
2025-11-11T10:34:54.851792,24.10,34.00
2025-11-11T10:34:54.954626,24.10,34.00
2025-11-11T10:34:55.057763,24.10,34.00
2025-11-11T10:34:55.160080,24.10,34.00
2025-11-11T10:34:55.262646,24.10,34.00
2025-11-11T10:34:55.365536,24.10,34.00
2025-11-11T10:34:55.468302,24.10,34.00
2025-11-11T10:34:55.570996,24.10,34.00
2025-11-11T10:34:55.674101,24.10,34.00
2025-11-11T10:34:55.776647,24.10,34.00
2025-11-11T10:34:55.878862,24.10,34.00
2025-11-11T10:34:55.981489,24.10,34.00
2025-11-11T10:34:56.083980,24.10,34.00
2025-11-11T10:34:56.186016,24.10,34.00
2025-11-11T10:34:56.289377,24.10,34.00
2025-11-11T10:34:56.392533,24.10,34.00
2025-11-11T10:34:56.495371,24.10,34.00
2025-11-11T10:34:56.598464,24.10,34.00
2025-11-11T10:34:56.700813,24.10,34.00
2025-11-11T10:34:56.803639,24.10,34.00
2025-11-11T10:34:56.906536,24.10,34.00
2025-11-11T10:34:57.009039,24.10,34.00
2025-11-11T10:34:57.111806,24.10,34.00
2025-11-11T10:34:57.214797,24.10,34.00
2025-11-11T10:34:57.316630,24.10,34.00
2025-11-11T10:34:57.419747,24.10,34.00
2025-11-11T10:34:57.522345,24.10,34.00
2025-11-11T10:34:57.624529,24.10,34.00
2025-11-11T10:34:57.726992,24.10,34.00
2025-11-11T10:34:57.829797,24.10,34.00
2025-11-11T10:34:57.932859,24.10,34.00
2025-11-11T10:34:58.035702,24.10,34.00
2025-11-11T10:34:58.138437,24.10,34.00
2025-11-11T10:34:58.241305,24.10,34.00
2025-11-11T10:34:58.344760,24.10,34.00
2025-11-11T10:34:58.448488,24.10,34.00
2025-11-11T10:34:58.550468,24.10,34.00
2025-11-11T10:34:58.653464,24.10,34.00
2025-11-11T10:34:58.756410,24.10,34.00
2025-11-11T10:34:58.859402,24.10,34.00
2025-11-11T10:34:58.963302,24.10,34.00
2025-11-11T10:34:59.066659,24.10,34.00
2025-11-11T10:34:59.168643,24.10,34.00
2025-11-11T10:34:59.271094,24.10,34.00
2025-11-11T10:34:59.373609,24.10,34.00
2025-11-11T10:34:59.476261,24.10,34.00
2025-11-11T10:34:59.578480,24.10,34.00
2025-11-11T10:34:59.680996,24.10,34.00
2025-11-11T10:34:59.784469,24.10,34.00
2025-11-11T10:34:59.887278,24.10,34.00
2025-11-11T10:34:59.990427,24.10,34.00
2025-11-11T10:35:00.092964,24.10,34.00
2025-11-11T10:35:00.195261,24.10,34.00
2025-11-11T10:35:00.298650,24.10,34.00
2025-11-11T10:35:00.400766,24.10,34.00
2025-11-11T10:35:00.503289,24.10,34.00
2025-11-11T10:35:00.605936,24.10,34.00
2025-11-11T10:35:00.708627,24.10,34.00
2025-11-11T10:35:00.811423,24.10,34.00
2025-11-11T10:35:00.914032,24.10,34.00
2025-11-11T10:35:01.016406,24.10,34.00
2025-11-11T10:35:01.118113,24.10,34.00
2025-11-11T10:35:01.220523,24.10,34.00
2025-11-11T10:35:01.322216,24.10,34.00
2025-11-11T10:35:01.425046,24.10,34.00
2025-11-11T10:35:01.527258,24.10,34.00
2025-11-11T10:35:01.629772,24.10,34.00
2025-11-11T10:35:01.732119,24.10,34.00
2025-11-11T10:35:01.834687,24.10,34.00
2025-11-11T10:35:01.937620,24.10,34.00
2025-11-11T10:35:02.039479,24.10,34.00
2025-11-11T10:35:02.142162,24.10,34.00
2025-11-11T10:35:02.244729,24.10,34.00
2025-11-11T10:35:02.347818,24.10,34.00
2025-11-11T10:35:02.450497,24.10,34.00
2025-11-11T10:35:02.552974,24.10,34.00
2025-11-11T10:35:02.655640,24.10,34.00
2025-11-11T10:35:02.758337,24.10,34.00
2025-11-11T10:35:02.860563,24.10,34.00
2025-11-11T10:35:02.963173,24.10,34.00
2025-11-11T10:35:03.065993,24.10,34.00
2025-11-11T10:35:03.168837,24.10,34.00
2025-11-11T10:35:03.271363,24.10,34.00
2025-11-11T10:35:03.373838,24.10,34.00
2025-11-11T10:35:03.476324,24.10,34.00
2025-11-11T10:35:03.579328,24.10,34.00
2025-11-11T10:35:03.681582,24.10,34.00
2025-11-11T10:35:03.783944,24.10,34.00
2025-11-11T10:35:03.888120,24.10,34.00
2025-11-11T10:35:03.990117,24.10,34.00
2025-11-11T10:35:04.091880,24.10,34.00
2025-11-11T10:35:04.194551,24.10,34.00
2025-11-11T10:35:04.296368,24.10,34.00
2025-11-11T10:35:04.398375,24.10,34.00
2025-11-11T10:35:04.499915,24.10,34.00
2025-11-11T10:35:04.602692,24.10,34.00
2025-11-11T10:35:04.704432,24.10,34.00
2025-11-11T10:35:04.806581,24.10,34.00
2025-11-11T10:35:04.909042,24.10,34.00
2025-11-11T10:35:05.011308,24.10,34.00
2025-11-11T10:35:05.112671,24.10,34.00
2025-11-11T10:35:05.214903,24.10,34.00
2025-11-11T10:35:05.317745,24.10,34.00
2025-11-11T10:35:05.419926,24.10,34.00
2025-11-11T10:35:05.521787,24.10,34.00
2025-11-11T10:35:05.623946,24.10,34.00
2025-11-11T10:35:05.725845,24.10,34.00
2025-11-11T10:35:05.828595,24.10,34.00
2025-11-11T10:35:05.930375,24.10,34.00
2025-11-11T10:35:06.032710,24.10,34.00
2025-11-11T10:35:06.135360,24.10,34.00
2025-11-11T10:35:06.237869,24.10,34.00
2025-11-11T10:35:06.339844,24.10,34.00
2025-11-11T10:35:06.442247,24.10,34.00
2025-11-11T10:35:06.545424,24.10,34.00
2025-11-11T10:35:06.648194,24.10,34.00
2025-11-11T10:35:06.751011,24.10,34.00
2025-11-11T10:35:06.853888,24.10,34.00
2025-11-11T10:35:06.956895,24.10,34.00
2025-11-11T10:35:07.059648,24.10,34.00
2025-11-11T10:35:07.162009,24.10,34.00
2025-11-11T10:35:07.264269,24.10,34.00
2025-11-11T10:35:07.367300,24.10,34.00
2025-11-11T10:35:07.470153,24.10,34.00
2025-11-11T10:35:07.573194,24.10,34.00
2025-11-11T10:35:07.675426,24.10,34.00
2025-11-11T10:35:07.777799,24.10,34.00
2025-11-11T10:35:07.880764,24.10,34.00
2025-11-11T10:35:07.983257,24.10,34.00
2025-11-11T10:35:08.087167,24.10,34.00
2025-11-11T10:35:08.190002,24.10,34.00
2025-11-11T10:35:08.293015,24.10,34.00
2025-11-11T10:35:08.395631,24.10,34.00
2025-11-11T10:35:08.498388,24.10,34.00
2025-11-11T10:35:08.601097,24.10,34.00
2025-11-11T10:35:08.704297,24.10,34.00
2025-11-11T10:35:08.808161,24.10,34.00
2025-11-11T10:35:08.911401,24.10,34.00
2025-11-11T10:35:09.014480,24.10,34.00
2025-11-11T10:35:09.116344,24.10,34.00
2025-11-11T10:35:09.219181,24.10,34.00
2025-11-11T10:35:09.321287,24.10,34.00
2025-11-11T10:35:09.423865,24.10,34.00
2025-11-11T10:35:09.526907,24.10,34.00
2025-11-11T10:35:09.629069,24.10,34.00
2025-11-11T10:35:09.731165,24.10,34.00
2025-11-11T10:35:09.833290,24.10,34.00
2025-11-11T10:35:09.935422,24.10,34.00
2025-11-11T10:35:10.038337,24.10,34.00
2025-11-11T10:35:10.141241,24.10,34.00
2025-11-11T10:35:10.244315,24.10,34.00
2025-11-11T10:35:10.347200,24.10,34.00
2025-11-11T10:35:10.450033,24.10,34.00
2025-11-11T10:35:10.552060,24.10,34.00
2025-11-11T10:35:10.654496,24.10,34.00
2025-11-11T10:35:10.756881,24.10,34.00
2025-11-11T10:35:10.859482,24.10,34.00
2025-11-11T10:35:10.961507,24.10,34.00
2025-11-11T10:35:11.064296,24.10,34.00
2025-11-11T10:35:11.167434,24.10,34.00
2025-11-11T10:35:11.270284,24.10,34.00
2025-11-11T10:35:11.373864,24.10,34.00
2025-11-11T10:35:11.476877,24.10,34.00
2025-11-11T10:35:11.579470,24.10,34.00
2025-11-11T10:35:11.682720,24.10,34.00
2025-11-11T10:35:11.784608,24.10,34.00
2025-11-11T10:35:11.886696,24.10,34.00
2025-11-11T10:35:11.988536,24.10,34.00
2025-11-11T10:35:12.090079,24.10,34.00
2025-11-11T10:35:12.191698,24.10,34.00
2025-11-11T10:35:12.293514,24.10,34.00
2025-11-11T10:35:12.395181,24.10,34.00
2025-11-11T10:35:12.496592,24.10,34.00
2025-11-11T10:35:12.598369,24.10,34.00
2025-11-11T10:35:12.701068,24.10,34.00
2025-11-11T10:35:12.803786,24.10,34.00
2025-11-11T10:35:12.905522,24.10,34.00
2025-11-11T10:35:13.007662,24.10,34.00
2025-11-11T10:35:13.110049,24.10,34.00
2025-11-11T10:35:13.211814,24.10,34.00
2025-11-11T10:35:13.313605,24.10,34.00
2025-11-11T10:35:13.415082,24.10,34.00
2025-11-11T10:35:13.516543,24.10,34.00
2025-11-11T10:35:13.618313,24.10,34.00
2025-11-11T10:35:13.720025,24.10,34.00
2025-11-11T10:35:13.821590,24.10,34.00
2025-11-11T10:35:13.923388,24.10,34.00
2025-11-11T10:35:14.025332,24.10,34.00
2025-11-11T10:35:14.127243,24.10,34.00
2025-11-11T10:35:14.229025,24.10,34.00
2025-11-11T10:35:14.331411,24.10,34.00
2025-11-11T10:35:14.433424,24.10,34.00
2025-11-11T10:35:14.534936,24.10,34.00
2025-11-11T10:35:14.636704,24.10,34.00
2025-11-11T10:35:14.738398,24.10,34.00
2025-11-11T10:35:14.839926,24.10,34.00
2025-11-11T10:35:14.942038,24.10,34.00
2025-11-11T10:35:15.044056,24.10,34.00
2025-11-11T10:35:15.146164,24.10,34.00
2025-11-11T10:35:15.248376,24.10,34.00
2025-11-11T10:35:15.350865,24.10,34.00
2025-11-11T10:35:15.453397,24.10,34.00
2025-11-11T10:35:15.555845,24.10,34.00
2025-11-11T10:35:15.658336,24.10,34.00
2025-11-11T10:35:15.760769,24.10,34.00
2025-11-11T10:35:15.863714,24.10,34.00
2025-11-11T10:35:15.966386,24.10,34.00
2025-11-11T10:35:16.069618,24.10,34.00
2025-11-11T10:35:16.173494,24.10,34.00
2025-11-11T10:35:16.275470,24.10,34.00
2025-11-11T10:35:16.378027,24.10,34.00
2025-11-11T10:35:16.480657,24.10,34.00
2025-11-11T10:35:16.583943,24.10,34.00
2025-11-11T10:35:16.686187,24.10,34.00
2025-11-11T10:35:16.788304,24.10,34.00
2025-11-11T10:35:16.890277,24.10,34.00
2025-11-11T10:35:16.992762,24.10,34.00
2025-11-11T10:35:17.095126,24.10,34.00
2025-11-11T10:35:17.197682,24.10,34.00
2025-11-11T10:35:17.300229,24.10,34.00
2025-11-11T10:35:17.402244,24.10,34.00
2025-11-11T10:35:17.504240,24.10,34.00
2025-11-11T10:35:17.605980,24.10,34.00
2025-11-11T10:35:17.707933,24.10,34.00
2025-11-11T10:35:17.809934,24.10,34.00
2025-11-11T10:35:17.911919,24.10,34.00
2025-11-11T10:35:18.014379,24.10,34.00
2025-11-11T10:35:18.115923,24.10,34.00
2025-11-11T10:35:18.217792,24.10,34.00
2025-11-11T10:35:18.319571,24.10,34.00
2025-11-11T10:35:18.422378,24.10,34.00
2025-11-11T10:35:18.524261,24.10,34.00
2025-11-11T10:35:18.626689,24.10,34.00
2025-11-11T10:35:18.728853,24.10,34.00
2025-11-11T10:35:18.830894,24.10,34.00
2025-11-11T10:35:18.933498,24.10,34.00
2025-11-11T10:35:19.035734,24.10,34.00
2025-11-11T10:35:19.137353,24.10,34.00
2025-11-11T10:35:19.239200,24.10,34.00
2025-11-11T10:35:19.341205,24.10,34.00
2025-11-11T10:35:19.442710,24.10,34.00
2025-11-11T10:35:19.544889,24.10,34.00
2025-11-11T10:35:19.646466,24.10,34.00
2025-11-11T10:35:19.748842,24.10,34.00
2025-11-11T10:35:19.851146,24.10,34.00
2025-11-11T10:35:19.953566,24.10,34.00
2025-11-11T10:35:20.056231,24.10,34.00
2025-11-11T10:35:20.158502,24.10,34.00
2025-11-11T10:35:20.260732,24.10,34.00
2025-11-11T10:35:20.363360,24.10,34.00
2025-11-11T10:35:20.465725,24.10,34.00
2025-11-11T10:35:20.567177,24.10,34.00
2025-11-11T10:35:20.669763,24.10,34.00
2025-11-11T10:35:20.771290,24.10,34.00
2025-11-11T10:35:20.872737,24.10,34.00
2025-11-11T10:35:20.974913,24.10,34.00
2025-11-11T10:35:21.076745,24.10,34.00
2025-11-11T10:35:21.179040,24.10,34.00
2025-11-11T10:35:21.281518,24.10,34.00
2025-11-11T10:35:21.384477,24.10,34.00
2025-11-11T10:35:21.486181,24.10,34.00
2025-11-11T10:35:21.588377,24.10,34.00
2025-11-11T10:35:21.690697,24.10,34.00
2025-11-11T10:35:21.792997,24.10,34.00
2025-11-11T10:35:21.895254,24.10,34.00
2025-11-11T10:35:21.996994,24.10,34.00
2025-11-11T10:35:22.098447,24.10,34.00
2025-11-11T10:35:22.201403,24.10,34.00
2025-11-11T10:35:22.303099,24.10,34.00
2025-11-11T10:35:22.404917,24.10,34.00
2025-11-11T10:35:22.507002,24.10,34.00
2025-11-11T10:35:22.608418,24.10,34.00
2025-11-11T10:35:22.710773,24.10,34.00
2025-11-11T10:35:22.812302,24.10,34.00
2025-11-11T10:35:22.913987,24.10,34.00
2025-11-11T10:35:23.015995,24.10,34.00
2025-11-11T10:35:23.117707,24.10,34.00
2025-11-11T10:35:23.219264,24.10,34.00
2025-11-11T10:35:23.321119,24.10,34.00
2025-11-11T10:35:23.422786,24.10,34.00
2025-11-11T10:35:23.524773,24.10,34.00
2025-11-11T10:35:23.626840,24.10,34.00
2025-11-11T10:35:23.728419,24.10,34.00
2025-11-11T10:35:23.830099,24.10,34.00
2025-11-11T10:35:23.932049,24.10,34.00
2025-11-11T10:35:24.034935,24.10,34.00
2025-11-11T10:35:24.136807,24.10,34.00
2025-11-11T10:35:24.239186,24.10,34.00
2025-11-11T10:35:24.341465,24.10,34.00
2025-11-11T10:35:24.443225,24.10,34.00
2025-11-11T10:35:24.545333,24.10,34.00
2025-11-11T10:35:24.646660,24.10,34.00
2025-11-11T10:35:24.748141,24.10,34.00
2025-11-11T10:35:24.849988,24.10,34.00
2025-11-11T10:35:24.952742,24.10,34.00
2025-11-11T10:35:25.055083,24.10,34.00
2025-11-11T10:35:25.157446,24.10,34.00
2025-11-11T10:35:25.259133,24.10,34.00
2025-11-11T10:35:25.361165,24.10,34.00
2025-11-11T10:35:25.463838,24.10,34.00
2025-11-11T10:35:25.565322,24.10,34.00
2025-11-11T10:35:25.666814,24.10,34.00
2025-11-11T10:35:25.768890,24.10,34.00
2025-11-11T10:35:25.871595,24.10,34.00
2025-11-11T10:35:25.973710,24.10,34.00
2025-11-11T10:35:26.075925,24.10,34.00
2025-11-11T10:35:26.177474,24.10,34.00
2025-11-11T10:35:26.278824,24.10,34.00
2025-11-11T10:35:26.380905,24.10,34.00
2025-11-11T10:35:26.482868,24.10,34.00
2025-11-11T10:35:26.585083,24.10,34.00
2025-11-11T10:35:26.687234,24.10,34.00
2025-11-11T10:35:26.789128,24.10,34.00
2025-11-11T10:35:26.891585,24.10,34.00
2025-11-11T10:35:26.994022,24.10,34.00
2025-11-11T10:35:27.095579,24.10,34.00
2025-11-11T10:35:27.198301,24.10,34.00
2025-11-11T10:35:27.300108,24.10,34.00
2025-11-11T10:35:27.401589,24.10,34.00
2025-11-11T10:35:27.504154,24.10,34.00
2025-11-11T10:35:27.606061,24.10,34.00
2025-11-11T10:35:27.707716,24.10,34.00
2025-11-11T10:35:27.809389,24.10,34.00
2025-11-11T10:35:27.911124,24.10,34.00
2025-11-11T10:35:28.013113,24.10,34.00
2025-11-11T10:35:28.114978,24.10,34.00
2025-11-11T10:35:28.217226,24.10,34.00
2025-11-11T10:35:28.319788,24.10,34.00
2025-11-11T10:35:28.421461,24.10,34.00
2025-11-11T10:35:28.523029,24.10,34.00
2025-11-11T10:35:28.625377,24.10,34.00
2025-11-11T10:35:28.727125,24.10,34.00
2025-11-11T10:35:28.829056,24.10,34.00
2025-11-11T10:35:28.930727,24.10,34.00
2025-11-11T10:35:29.033031,24.10,34.00
2025-11-11T10:35:29.134966,24.10,34.00
2025-11-11T10:35:29.236815,24.10,34.00
2025-11-11T10:35:29.339271,24.10,34.00
2025-11-11T10:35:29.441141,24.10,34.00
2025-11-11T10:35:29.543196,24.10,34.00
2025-11-11T10:35:29.644961,24.10,34.00
2025-11-11T10:35:29.746294,24.10,34.00
2025-11-11T10:35:29.848619,24.10,34.00
2025-11-11T10:35:29.950808,24.10,34.00
2025-11-11T10:35:30.052676,24.10,34.00
2025-11-11T10:35:30.154996,24.10,34.00
2025-11-11T10:35:30.256433,24.10,34.00
2025-11-11T10:35:30.357982,24.10,34.00
2025-11-11T10:35:30.459769,24.10,34.00
2025-11-11T10:35:30.561568,24.10,34.00
2025-11-11T10:35:30.663305,24.10,34.00
2025-11-11T10:35:30.765486,24.10,34.00
2025-11-11T10:35:30.866963,24.10,34.00
2025-11-11T10:35:30.969221,24.10,34.00
2025-11-11T10:35:31.072003,24.10,34.00
2025-11-11T10:35:31.174614,24.10,34.00
2025-11-11T10:35:31.276486,24.10,34.00
2025-11-11T10:35:31.378700,24.10,34.00
2025-11-11T10:35:31.481167,24.10,34.00
2025-11-11T10:35:31.583130,24.10,34.00
2025-11-11T10:35:31.684970,24.10,34.00
2025-11-11T10:35:31.786555,24.10,34.00
2025-11-11T10:35:31.888459,24.10,34.00
2025-11-11T10:35:31.990064,24.10,34.00
2025-11-11T10:35:32.092099,24.10,34.00
2025-11-11T10:35:32.194520,24.10,34.00
2025-11-11T10:35:32.297411,24.10,34.00
2025-11-11T10:35:32.399015,24.10,34.00
2025-11-11T10:35:32.500567,24.10,34.00
2025-11-11T10:35:32.602733,24.10,34.00
2025-11-11T10:35:32.704447,24.10,34.00
2025-11-11T10:35:32.806097,24.10,34.00
2025-11-11T10:35:32.907877,24.10,34.00
2025-11-11T10:35:33.009883,24.10,34.00
2025-11-11T10:35:33.111716,24.10,34.00
2025-11-11T10:35:33.213364,24.10,34.00
2025-11-11T10:35:33.315756,24.10,34.00
2025-11-11T10:35:33.417743,24.10,34.00
2025-11-11T10:35:33.519732,24.10,34.00
2025-11-11T10:35:33.621762,24.10,34.00
2025-11-11T10:35:33.723996,24.10,34.00
2025-11-11T10:35:33.826305,24.10,34.00
2025-11-11T10:35:33.928844,24.10,34.00
2025-11-11T10:35:34.031145,24.10,34.00
2025-11-11T10:35:34.132762,24.10,34.00
2025-11-11T10:35:34.234692,24.10,34.00
2025-11-11T10:35:34.336649,24.10,34.00
2025-11-11T10:35:34.438317,24.10,34.00
2025-11-11T10:35:34.540267,24.10,34.00
2025-11-11T10:35:34.641804,24.10,34.00
2025-11-11T10:35:34.744271,24.10,34.00
2025-11-11T10:35:34.845733,24.10,34.00
2025-11-11T10:35:34.948138,24.10,34.00
2025-11-11T10:35:35.050480,24.10,34.00
2025-11-11T10:35:35.153132,24.10,34.00
2025-11-11T10:35:35.255401,24.10,34.00
2025-11-11T10:35:35.357245,24.10,34.00
2025-11-11T10:35:35.459129,24.10,34.00
2025-11-11T10:35:35.561597,24.10,34.00
2025-11-11T10:35:35.663676,24.10,34.00
2025-11-11T10:35:35.765213,24.10,34.00
2025-11-11T10:35:35.867606,24.10,34.00
2025-11-11T10:35:35.969314,24.10,34.00
2025-11-11T10:35:36.070932,24.10,34.00
2025-11-11T10:35:36.173669,24.10,34.00
2025-11-11T10:35:36.275741,24.10,34.00
2025-11-11T10:35:36.378361,24.10,34.00
2025-11-11T10:35:36.480097,24.10,34.00
2025-11-11T10:35:36.581824,24.10,34.00
2025-11-11T10:35:36.684035,24.10,34.00
2025-11-11T10:35:36.785974,24.10,34.00
2025-11-11T10:35:36.887968,24.10,34.00
2025-11-11T10:35:36.989584,24.10,34.00
2025-11-11T10:35:37.091560,24.10,34.00
2025-11-11T10:35:37.194234,24.10,34.00
2025-11-11T10:35:37.295883,24.10,34.00
2025-11-11T10:35:37.397678,24.10,34.00
2025-11-11T10:35:37.499334,24.10,34.00
2025-11-11T10:35:37.600613,24.10,34.00
2025-11-11T10:35:37.702027,24.10,34.00
2025-11-11T10:35:37.804558,24.10,34.00
2025-11-11T10:35:37.906286,24.10,34.00
2025-11-11T10:35:38.008283,24.10,34.00
2025-11-11T10:35:38.110585,24.10,34.00
2025-11-11T10:35:38.212432,24.10,34.00
2025-11-11T10:35:38.315362,24.10,34.00
2025-11-11T10:35:38.417429,24.10,34.00
2025-11-11T10:35:38.520142,24.10,34.00
2025-11-11T10:35:38.622399,24.10,34.00
2025-11-11T10:35:38.725156,24.10,34.00
2025-11-11T10:35:38.827268,24.10,34.00
2025-11-11T10:35:38.929168,24.10,34.00
2025-11-11T10:35:39.031098,24.10,34.00
2025-11-11T10:35:39.132661,24.10,34.00
2025-11-11T10:35:39.234319,24.10,34.00
2025-11-11T10:35:39.336270,24.10,34.00
2025-11-11T10:35:39.437602,24.10,34.00
2025-11-11T10:35:39.539089,24.10,34.00
2025-11-11T10:35:39.640855,24.10,34.00
2025-11-11T10:35:39.742436,24.10,34.00
2025-11-11T10:35:39.844513,24.10,34.00
2025-11-11T10:35:39.946287,24.10,34.00
2025-11-11T10:35:40.048057,24.10,34.00
2025-11-11T10:35:40.150173,24.10,34.00
2025-11-11T10:35:40.251645,24.10,34.00
2025-11-11T10:35:40.353193,24.10,34.00
2025-11-11T10:35:40.455330,24.10,34.00
2025-11-11T10:35:40.556830,24.10,34.00
2025-11-11T10:35:40.658111,24.10,34.00
2025-11-11T10:35:40.760634,24.10,34.00
2025-11-11T10:35:40.863534,24.10,34.00
2025-11-11T10:35:40.965529,24.10,34.00
2025-11-11T10:35:41.067606,24.10,34.00
2025-11-11T10:35:41.169456,24.10,34.00
2025-11-11T10:35:41.271038,24.10,34.00
2025-11-11T10:35:41.372863,24.10,34.00
2025-11-11T10:35:41.474951,24.10,34.00
2025-11-11T10:35:41.577393,24.10,34.00
2025-11-11T10:35:41.679335,24.10,34.00
2025-11-11T10:35:41.782037,24.10,34.00
2025-11-11T10:35:41.884166,24.10,34.00
2025-11-11T10:35:41.985785,24.10,34.00
2025-11-11T10:35:42.087535,24.10,34.00
2025-11-11T10:35:42.189794,24.10,34.00
2025-11-11T10:35:42.291698,24.10,34.00
2025-11-11T10:35:42.393923,24.10,34.00
2025-11-11T10:35:42.495905,24.10,34.00
2025-11-11T10:35:42.597904,24.10,34.00
2025-11-11T10:35:42.700409,24.10,34.00
2025-11-11T10:35:42.802886,24.10,34.00
2025-11-11T10:35:42.905229,24.10,34.00
2025-11-11T10:35:43.007862,24.10,34.00
2025-11-11T10:35:43.110679,24.10,34.00
2025-11-11T10:35:43.212857,24.10,34.00
2025-11-11T10:35:43.315090,24.10,34.00
2025-11-11T10:35:43.416572,24.10,34.00
2025-11-11T10:35:43.519118,24.10,34.00
2025-11-11T10:35:43.620753,24.10,34.00
2025-11-11T10:35:43.722910,24.10,34.00
2025-11-11T10:35:43.825223,24.10,34.00
2025-11-11T10:35:43.927573,24.10,34.00
2025-11-11T10:35:44.030116,24.10,34.00
2025-11-11T10:35:44.132483,24.10,34.00
2025-11-11T10:35:44.235197,24.10,34.00
2025-11-11T10:35:44.338131,24.10,34.00
2025-11-11T10:35:44.440510,24.10,34.00
2025-11-11T10:35:44.543211,24.10,34.00
2025-11-11T10:35:44.645271,24.10,34.00
2025-11-11T10:35:44.746610,24.10,34.00
2025-11-11T10:35:44.848780,24.10,34.00
2025-11-11T10:35:44.950244,24.10,34.00
2025-11-11T10:35:45.052442,24.10,34.00
2025-11-11T10:35:45.154918,24.10,34.00
2025-11-11T10:35:45.256751,24.10,34.00
2025-11-11T10:35:45.358995,24.10,34.00
2025-11-11T10:35:45.461029,24.10,34.00
2025-11-11T10:35:45.563287,24.10,34.00
2025-11-11T10:35:45.665873,24.10,34.00
2025-11-11T10:35:45.767654,24.10,34.00
2025-11-11T10:35:45.870025,24.10,34.00
2025-11-11T10:35:45.971650,24.10,34.00
2025-11-11T10:35:46.074320,24.10,34.00
2025-11-11T10:35:46.176600,24.10,34.00
2025-11-11T10:35:46.279530,24.10,34.00
2025-11-11T10:35:46.382626,24.10,34.00
2025-11-11T10:35:46.485271,24.10,34.00
2025-11-11T10:35:46.587229,24.10,34.00
2025-11-11T10:35:46.689273,24.10,34.00
2025-11-11T10:35:46.790603,24.10,34.00
2025-11-11T10:35:46.893201,24.10,34.00
2025-11-11T10:35:46.995537,24.10,34.00
2025-11-11T10:35:47.097895,24.10,34.00
2025-11-11T10:35:47.200515,24.10,34.00
2025-11-11T10:35:47.303125,24.10,34.00
2025-11-11T10:35:47.405389,24.10,34.00
2025-11-11T10:35:47.507556,24.10,34.00
2025-11-11T10:35:47.609929,24.10,34.00
2025-11-11T10:35:47.711885,24.10,34.00
2025-11-11T10:35:47.814033,24.10,34.00
2025-11-11T10:35:47.916360,24.10,34.00
2025-11-11T10:35:48.019376,24.10,34.00
2025-11-11T10:35:48.121694,24.10,34.00
2025-11-11T10:35:48.223864,24.10,34.00
2025-11-11T10:35:48.326328,24.10,34.00
2025-11-11T10:35:48.427964,24.10,34.00
2025-11-11T10:35:48.530179,24.10,34.00
2025-11-11T10:35:48.632219,24.10,34.00
2025-11-11T10:35:48.734571,24.10,34.00
2025-11-11T10:35:48.837311,24.10,34.00
2025-11-11T10:35:48.939445,24.10,34.00
2025-11-11T10:35:49.041450,24.10,34.00
2025-11-11T10:35:49.143779,24.10,34.00
2025-11-11T10:35:49.246408,24.10,34.00
2025-11-11T10:35:49.348813,24.10,34.00
2025-11-11T10:35:49.451100,24.10,34.00
2025-11-11T10:35:49.553555,24.10,34.00
2025-11-11T10:35:49.655914,24.10,34.00
2025-11-11T10:35:49.758512,24.10,34.00
2025-11-11T10:35:49.861034,24.10,34.00
2025-11-11T10:35:49.963397,24.10,34.00
2025-11-11T10:35:50.065750,24.10,34.00
2025-11-11T10:35:50.168681,24.10,34.00
2025-11-11T10:35:50.271026,24.10,34.00
2025-11-11T10:35:50.373289,24.10,34.00
2025-11-11T10:35:50.475538,24.10,34.00
2025-11-11T10:35:50.577785,24.10,34.00
2025-11-11T10:35:50.679947,24.10,34.00
2025-11-11T10:35:50.782116,24.10,34.00
2025-11-11T10:35:50.884371,24.10,34.00
2025-11-11T10:35:50.986237,24.10,34.00
2025-11-11T10:35:51.088148,24.10,34.00
2025-11-11T10:35:51.190626,24.10,34.00
2025-11-11T10:35:51.293148,24.10,34.00
2025-11-11T10:35:51.395005,24.10,34.00
2025-11-11T10:35:51.496897,24.10,34.00
2025-11-11T10:35:51.599003,24.10,34.00
2025-11-11T10:35:51.700676,24.10,34.00
2025-11-11T10:35:51.802754,24.10,34.00
2025-11-11T10:35:51.904657,24.10,34.00
2025-11-11T10:35:52.006772,24.10,34.00
2025-11-11T10:35:52.108661,24.10,34.00
2025-11-11T10:35:52.210972,24.10,34.00
2025-11-11T10:35:52.312999,24.10,34.00
2025-11-11T10:35:52.414592,24.10,34.00
2025-11-11T10:35:52.517071,24.10,34.00
2025-11-11T10:35:52.619950,24.10,34.00
2025-11-11T10:35:52.722807,24.10,34.00
2025-11-11T10:35:52.824453,24.10,34.00
2025-11-11T10:35:52.926643,24.10,34.00
2025-11-11T10:35:53.028529,24.10,34.00
2025-11-11T10:35:53.131059,24.10,34.00
2025-11-11T10:35:53.233669,24.10,34.00
2025-11-11T10:35:53.335832,24.10,34.00
2025-11-11T10:35:53.437359,24.10,34.00
2025-11-11T10:35:53.539974,24.10,34.00
2025-11-11T10:35:53.642504,24.10,34.00
2025-11-11T10:35:53.745461,24.10,34.00
2025-11-11T10:35:53.848113,24.10,34.00
2025-11-11T10:35:53.950616,24.10,34.00
2025-11-11T10:35:54.052887,24.10,34.00
2025-11-11T10:35:54.155328,24.10,34.00
2025-11-11T10:35:54.257673,24.10,34.00
2025-11-11T10:35:54.360216,24.10,34.00
2025-11-11T10:35:54.462094,24.10,34.00
2025-11-11T10:35:54.564328,24.10,34.00
2025-11-11T10:35:54.666183,24.10,34.00
2025-11-11T10:35:54.768017,24.10,34.00
2025-11-11T10:35:54.869693,24.10,34.00
2025-11-11T10:35:54.971785,24.10,34.00
2025-11-11T10:35:55.074100,24.10,34.00
2025-11-11T10:35:55.176073,24.10,34.00
2025-11-11T10:35:55.278586,24.10,34.00
2025-11-11T10:35:55.380681,24.10,34.00
2025-11-11T10:35:55.482955,24.10,34.00
2025-11-11T10:35:55.586108,24.10,34.00
2025-11-11T10:35:55.687999,24.10,34.00
2025-11-11T10:35:55.789883,24.10,34.00
2025-11-11T10:35:55.891697,24.10,34.00
2025-11-11T10:35:55.994225,24.10,34.00
2025-11-11T10:35:56.096418,24.10,34.00
2025-11-11T10:35:56.199156,24.10,34.00
2025-11-11T10:35:56.300878,24.10,34.00
2025-11-11T10:35:56.403169,24.10,34.00
2025-11-11T10:35:56.504834,24.10,34.00
2025-11-11T10:35:56.606473,24.10,34.00
2025-11-11T10:35:56.707992,24.10,34.00
2025-11-11T10:35:56.810056,24.10,34.00
2025-11-11T10:35:56.912670,24.10,34.00
2025-11-11T10:35:57.014418,24.10,34.00
2025-11-11T10:35:57.116170,24.10,34.00
2025-11-11T10:35:57.218784,24.10,34.00
2025-11-11T10:35:57.320546,24.10,34.00
2025-11-11T10:35:57.423291,24.10,34.00
2025-11-11T10:35:57.525273,24.10,34.00
2025-11-11T10:35:57.627148,24.10,34.00
2025-11-11T10:35:57.729326,24.10,34.00
2025-11-11T10:35:57.831718,24.10,34.00
2025-11-11T10:35:57.934032,24.10,34.00
2025-11-11T10:35:58.035862,24.10,34.00
2025-11-11T10:35:58.137313,24.10,34.00
2025-11-11T10:35:58.239700,24.10,34.00
2025-11-11T10:35:58.341924,24.10,34.00
2025-11-11T10:35:58.444332,24.10,34.00
2025-11-11T10:35:58.546587,24.10,34.00
2025-11-11T10:35:58.649066,24.10,34.00
2025-11-11T10:35:58.751366,24.10,34.00
2025-11-11T10:35:58.853226,24.10,34.00
2025-11-11T10:35:58.955111,24.10,34.00
2025-11-11T10:35:59.057138,24.10,34.00
2025-11-11T10:35:59.158809,24.10,34.00
2025-11-11T10:35:59.260347,24.10,34.00
2025-11-11T10:35:59.362181,24.10,34.00
2025-11-11T10:35:59.464107,24.10,34.00
2025-11-11T10:35:59.565744,24.10,34.00
2025-11-11T10:35:59.667500,24.10,34.00
2025-11-11T10:35:59.769324,24.10,34.00
2025-11-11T10:35:59.871567,24.10,34.00
2025-11-11T10:35:59.973678,24.10,34.00
2025-11-11T10:36:00.075258,24.10,34.00
2025-11-11T10:36:00.177102,24.10,34.00
2025-11-11T10:36:00.278831,24.10,34.00
2025-11-11T10:36:00.380841,24.10,34.00
2025-11-11T10:36:00.482242,24.10,34.00
2025-11-11T10:36:00.584526,24.10,34.00
2025-11-11T10:36:00.686111,24.10,34.00
2025-11-11T10:36:00.788537,24.10,34.00
2025-11-11T10:36:00.890327,24.10,34.00
2025-11-11T10:36:00.992961,24.10,34.00
2025-11-11T10:36:01.094647,24.10,34.00
2025-11-11T10:36:01.196845,24.10,34.00
2025-11-11T10:36:01.298473,24.10,34.00
2025-11-11T10:36:01.400172,24.10,34.00
2025-11-11T10:36:01.502347,24.10,34.00
2025-11-11T10:36:01.603775,24.10,34.00
2025-11-11T10:36:01.705700,24.10,34.00
2025-11-11T10:36:01.807205,24.10,34.00
2025-11-11T10:36:01.908900,24.10,34.00
2025-11-11T10:36:02.011133,24.10,34.00
2025-11-11T10:36:02.113337,24.10,34.00
2025-11-11T10:36:02.215360,24.10,34.00
2025-11-11T10:36:02.317640,24.10,34.00
2025-11-11T10:36:02.419575,24.10,34.00
2025-11-11T10:36:02.521202,24.10,34.00
2025-11-11T10:36:02.623436,24.10,34.00
2025-11-11T10:36:02.725073,24.10,34.00
2025-11-11T10:36:02.827463,24.10,34.00
2025-11-11T10:36:02.929310,24.10,34.00
2025-11-11T10:36:03.030753,24.10,34.00
2025-11-11T10:36:03.132634,24.10,34.00
2025-11-11T10:36:03.234689,24.10,34.00
2025-11-11T10:36:03.336260,24.10,34.00
2025-11-11T10:36:03.437790,24.10,34.00
2025-11-11T10:36:03.539760,24.10,34.00
2025-11-11T10:36:03.641053,24.10,34.00
2025-11-11T10:36:03.743276,24.10,34.00
2025-11-11T10:36:03.845493,24.10,34.00
2025-11-11T10:36:03.946982,24.10,34.00
2025-11-11T10:36:04.048239,24.10,34.00
2025-11-11T10:36:04.150043,24.10,34.00
2025-11-11T10:36:04.252040,24.10,34.00
2025-11-11T10:36:04.354541,24.10,34.00
2025-11-11T10:36:04.455907,24.10,34.00
2025-11-11T10:36:04.557811,24.10,34.00
2025-11-11T10:36:04.659534,24.10,34.00
2025-11-11T10:36:04.761184,24.10,34.00
2025-11-11T10:36:04.863071,24.10,34.00
2025-11-11T10:36:04.964584,24.10,34.00
2025-11-11T10:36:05.066312,24.10,34.00
2025-11-11T10:36:05.167903,24.10,34.00
2025-11-11T10:36:05.270279,24.10,34.00
2025-11-11T10:36:05.372738,24.10,34.00
2025-11-11T10:36:05.474532,24.10,34.00
2025-11-11T10:36:05.575959,24.10,34.00
2025-11-11T10:36:05.677757,24.10,34.00
2025-11-11T10:36:05.779197,24.10,34.00
2025-11-11T10:36:05.880816,24.10,34.00
2025-11-11T10:36:05.983466,24.10,34.00
2025-11-11T10:36:06.085277,24.10,34.00
2025-11-11T10:36:06.187565,24.10,34.00
2025-11-11T10:36:06.289440,24.10,34.00
2025-11-11T10:36:06.391662,24.10,34.00
2025-11-11T10:36:06.494297,24.10,34.00
2025-11-11T10:36:06.596187,24.10,34.00
2025-11-11T10:36:06.698461,24.10,34.00
2025-11-11T10:36:06.800339,24.10,34.00
2025-11-11T10:36:06.901978,24.10,34.00
2025-11-11T10:36:07.003854,24.10,34.00
2025-11-11T10:36:07.106104,24.10,34.00
2025-11-11T10:36:07.208938,24.10,34.00
2025-11-11T10:36:07.311425,24.10,34.00
2025-11-11T10:36:07.413827,24.10,34.00
2025-11-11T10:36:07.515936,24.10,34.00
2025-11-11T10:36:07.617451,24.10,34.00
2025-11-11T10:36:07.719379,24.10,34.00
2025-11-11T10:36:07.821666,24.10,34.00
2025-11-11T10:36:07.924251,24.10,34.00
2025-11-11T10:36:08.026598,24.10,34.00
2025-11-11T10:36:08.128231,24.10,34.00
2025-11-11T10:36:08.229661,24.10,34.00
2025-11-11T10:36:08.331374,24.10,34.00
2025-11-11T10:36:08.433041,24.10,34.00
2025-11-11T10:36:08.535396,24.10,34.00
2025-11-11T10:36:08.637142,24.10,34.00
2025-11-11T10:36:08.738784,24.10,34.00
2025-11-11T10:36:08.840548,24.10,34.00
2025-11-11T10:36:08.942489,24.10,34.00
2025-11-11T10:36:09.044223,24.10,34.00
2025-11-11T10:36:09.145911,24.10,34.00
2025-11-11T10:36:09.247426,24.10,34.00
2025-11-11T10:36:09.349315,24.10,34.00
2025-11-11T10:36:09.451268,24.10,34.00
2025-11-11T10:36:09.552997,24.10,34.00
2025-11-11T10:36:09.655145,24.10,34.00
2025-11-11T10:36:09.758000,24.10,34.00
2025-11-11T10:36:09.860982,24.10,34.00
2025-11-11T10:36:09.964026,24.10,34.00
2025-11-11T10:36:10.066100,24.10,34.00
2025-11-11T10:36:10.167554,24.10,34.00
2025-11-11T10:36:10.269737,24.10,34.00
2025-11-11T10:36:10.371236,24.10,34.00
2025-11-11T10:36:10.473380,24.10,34.00
2025-11-11T10:36:10.575354,24.10,34.00
2025-11-11T10:36:10.677277,24.10,34.00
2025-11-11T10:36:10.779088,24.10,34.00
2025-11-11T10:36:10.880732,24.10,34.00
2025-11-11T10:36:10.982540,24.10,34.00
2025-11-11T10:36:11.084770,24.10,34.00
2025-11-11T10:36:11.186176,24.10,34.00
2025-11-11T10:36:11.287959,24.10,34.00
2025-11-11T10:36:11.389926,24.10,34.00
2025-11-11T10:36:11.492825,24.10,34.00
2025-11-11T10:36:11.595355,24.10,34.00
2025-11-11T10:36:11.697179,24.10,34.00
2025-11-11T10:36:11.799179,24.10,34.00
2025-11-11T10:36:11.901518,24.10,34.00
2025-11-11T10:36:12.002914,24.10,34.00
2025-11-11T10:36:12.104784,24.10,34.00
2025-11-11T10:36:12.206372,24.10,34.00
2025-11-11T10:36:12.308613,24.10,34.00
2025-11-11T10:36:12.410118,24.10,34.00
2025-11-11T10:36:12.511894,24.10,34.00
2025-11-11T10:36:12.613431,24.10,34.00
2025-11-11T10:36:12.715819,24.10,34.00
2025-11-11T10:36:12.817623,24.10,34.00
2025-11-11T10:36:12.919313,24.10,34.00
2025-11-11T10:36:13.020735,24.10,34.00
2025-11-11T10:36:13.122766,24.10,34.00
2025-11-11T10:36:13.225329,24.10,34.00
2025-11-11T10:36:13.327272,24.10,34.00
2025-11-11T10:36:13.429294,24.10,34.00
2025-11-11T10:36:13.531910,24.10,34.00
2025-11-11T10:36:13.634261,24.10,34.00
2025-11-11T10:36:13.735953,24.10,34.00
2025-11-11T10:36:13.838172,24.10,34.00
2025-11-11T10:36:13.940784,24.10,34.00
2025-11-11T10:36:14.042398,24.10,34.00
2025-11-11T10:36:14.144544,24.10,34.00
2025-11-11T10:36:14.246926,24.10,34.00
2025-11-11T10:36:14.348692,24.10,34.00
2025-11-11T10:36:14.450317,24.10,34.00
2025-11-11T10:36:14.552045,24.10,34.00
2025-11-11T10:36:14.654081,24.10,34.00
2025-11-11T10:36:14.756592,24.10,34.00
2025-11-11T10:36:14.858365,24.10,34.00
2025-11-11T10:36:14.960598,24.10,34.00
2025-11-11T10:36:15.063045,24.10,34.00
2025-11-11T10:36:15.165562,24.10,34.00
2025-11-11T10:36:15.267843,24.10,34.00
2025-11-11T10:36:15.369941,24.10,34.00
2025-11-11T10:36:15.472210,24.10,34.00
2025-11-11T10:36:15.574167,24.10,34.00
2025-11-11T10:36:15.675953,24.10,34.00
2025-11-11T10:36:15.777437,24.10,34.00
2025-11-11T10:36:15.880151,24.10,34.00
2025-11-11T10:36:15.982453,24.10,34.00
2025-11-11T10:36:16.084700,24.10,34.00
2025-11-11T10:36:16.187011,24.10,34.00
2025-11-11T10:36:16.288883,24.10,34.00
2025-11-11T10:36:16.391255,24.10,34.00
2025-11-11T10:36:16.493677,24.10,34.00
2025-11-11T10:36:16.596280,24.10,34.00
2025-11-11T10:36:16.698153,24.10,34.00
2025-11-11T10:36:16.800213,24.10,34.00
2025-11-11T10:36:16.903077,24.10,34.00
2025-11-11T10:36:17.004954,24.10,34.00
2025-11-11T10:36:17.106991,24.10,34.00
2025-11-11T10:36:17.208965,24.10,34.00
2025-11-11T10:36:17.311420,24.10,34.00
2025-11-11T10:36:17.413527,24.10,34.00
2025-11-11T10:36:17.515039,24.10,34.00
2025-11-11T10:36:17.617249,24.10,34.00
2025-11-11T10:36:17.719152,24.10,34.00
2025-11-11T10:36:17.821012,24.10,34.00
2025-11-11T10:36:17.923035,24.10,34.00
2025-11-11T10:36:18.025201,24.10,34.00
2025-11-11T10:36:18.126784,24.10,34.00
2025-11-11T10:36:18.229207,24.10,34.00
2025-11-11T10:36:18.331116,24.10,34.00
2025-11-11T10:36:18.432963,24.10,34.00
2025-11-11T10:36:18.535298,24.10,34.00
2025-11-11T10:36:18.636937,24.10,34.00
2025-11-11T10:36:18.738777,24.10,34.00
2025-11-11T10:36:18.840616,24.10,34.00
2025-11-11T10:36:18.941992,24.10,34.00
2025-11-11T10:36:19.043946,24.10,34.00
2025-11-11T10:36:19.146083,24.10,34.00
2025-11-11T10:36:19.247549,24.10,34.00
2025-11-11T10:36:19.349777,24.10,34.00
2025-11-11T10:36:19.451483,24.10,34.00
2025-11-11T10:36:19.553188,24.10,34.00
2025-11-11T10:36:19.654765,24.10,34.00
2025-11-11T10:36:19.756357,24.10,34.00
2025-11-11T10:36:19.858073,24.10,34.00
2025-11-11T10:36:19.959812,24.10,34.00
2025-11-11T10:36:20.061520,24.10,34.00
2025-11-11T10:36:20.162752,24.10,34.00
2025-11-11T10:36:20.264509,24.10,34.00
2025-11-11T10:36:20.366453,24.10,34.00
2025-11-11T10:36:20.468339,24.10,34.00
2025-11-11T10:36:20.569757,24.10,34.00
2025-11-11T10:36:20.671638,24.10,34.00
2025-11-11T10:36:20.773816,24.10,34.00
2025-11-11T10:36:20.876011,24.10,34.00
2025-11-11T10:36:20.977824,24.10,34.00
2025-11-11T10:36:21.080727,24.10,34.00
2025-11-11T10:36:21.182947,24.10,34.00
2025-11-11T10:36:21.284727,24.10,34.00
2025-11-11T10:36:21.387463,24.10,34.00
2025-11-11T10:36:21.489596,24.10,34.00
2025-11-11T10:36:21.592070,24.10,34.00
2025-11-11T10:36:21.694099,24.10,34.00
2025-11-11T10:36:21.795862,24.10,34.00
2025-11-11T10:36:21.897334,24.10,34.00
2025-11-11T10:36:21.998909,24.10,34.00
2025-11-11T10:36:22.100634,24.10,34.00
2025-11-11T10:36:22.202852,24.10,34.00
2025-11-11T10:36:22.305613,24.10,34.00
2025-11-11T10:36:22.407445,24.10,34.00
2025-11-11T10:36:22.509585,24.10,34.00
2025-11-11T10:36:22.611673,24.10,34.00
2025-11-11T10:36:22.714326,24.10,34.00
2025-11-11T10:36:22.817185,24.10,34.00
2025-11-11T10:36:22.919392,24.10,34.00
2025-11-11T10:36:23.021669,24.10,34.00
2025-11-11T10:36:23.124347,24.10,34.00
2025-11-11T10:36:23.226219,24.10,34.00
2025-11-11T10:36:23.328453,24.10,34.00
2025-11-11T10:36:23.430105,24.10,34.00
2025-11-11T10:36:23.532375,24.10,34.00
2025-11-11T10:36:23.634118,24.10,34.00
2025-11-11T10:36:23.736152,24.10,34.00
2025-11-11T10:36:23.837684,24.10,34.00
2025-11-11T10:36:23.939423,24.10,34.00
2025-11-11T10:36:24.041146,24.10,34.00
2025-11-11T10:36:24.143111,24.10,34.00
2025-11-11T10:36:24.244913,24.10,34.00
2025-11-11T10:36:24.347752,24.10,34.00
2025-11-11T10:36:24.449403,24.10,34.00
2025-11-11T10:36:24.551040,24.10,34.00
2025-11-11T10:36:24.652984,24.10,34.00
2025-11-11T10:36:24.754977,24.10,34.00
2025-11-11T10:36:24.856934,24.10,34.00
2025-11-11T10:36:24.959090,24.10,34.00
2025-11-11T10:36:25.061650,24.10,34.00
2025-11-11T10:36:25.164831,24.10,34.00
2025-11-11T10:36:25.266875,24.10,34.00
2025-11-11T10:36:25.368864,24.10,34.00
2025-11-11T10:36:25.471117,24.10,34.00
2025-11-11T10:36:25.573341,24.10,34.00
2025-11-11T10:36:25.675331,24.10,34.00
2025-11-11T10:36:25.778048,24.10,34.00
2025-11-11T10:36:25.879758,24.10,34.00
2025-11-11T10:36:25.981275,24.10,34.00
2025-11-11T10:36:26.083252,24.10,34.00
2025-11-11T10:36:26.185704,24.10,34.00
2025-11-11T10:36:26.288346,24.10,34.00
2025-11-11T10:36:26.390879,24.10,34.00
2025-11-11T10:36:26.493662,24.10,34.00
2025-11-11T10:36:26.596180,24.10,34.00
2025-11-11T10:36:26.698245,24.10,34.00
2025-11-11T10:36:26.800588,24.10,34.00
2025-11-11T10:36:26.903014,24.10,34.00
2025-11-11T10:36:27.005200,24.10,34.00
2025-11-11T10:36:27.106978,24.10,34.00
2025-11-11T10:36:27.208987,24.10,34.00
2025-11-11T10:36:27.310970,24.10,34.00
2025-11-11T10:36:27.413455,24.10,34.00
2025-11-11T10:36:27.516242,24.10,34.00
2025-11-11T10:36:27.617590,24.10,34.00
2025-11-11T10:36:27.719042,24.10,34.00
2025-11-11T10:36:27.820937,24.10,34.00
2025-11-11T10:36:27.922747,24.10,34.00
2025-11-11T10:36:28.024539,24.10,34.00
2025-11-11T10:36:28.126387,24.10,34.00
2025-11-11T10:36:28.228200,24.10,34.00
2025-11-11T10:36:28.330655,24.10,34.00
2025-11-11T10:36:28.432359,24.10,34.00
2025-11-11T10:36:28.533955,24.10,34.00
2025-11-11T10:36:28.637550,24.10,34.00
2025-11-11T10:36:28.739343,24.10,34.00
2025-11-11T10:36:28.841781,24.10,34.00
2025-11-11T10:36:28.944068,24.10,34.00
2025-11-11T10:36:29.045629,24.10,34.00
2025-11-11T10:36:29.147896,24.10,34.00
2025-11-11T10:36:29.249401,24.10,34.00
2025-11-11T10:36:29.351506,24.10,34.00
2025-11-11T10:36:29.453761,24.10,34.00
2025-11-11T10:36:29.555606,24.10,34.00
2025-11-11T10:36:29.658297,24.10,34.00
2025-11-11T10:36:29.760624,24.10,34.00
2025-11-11T10:36:29.862639,24.10,34.00
2025-11-11T10:36:29.965044,24.10,34.00
2025-11-11T10:36:30.066996,24.10,34.00
2025-11-11T10:36:30.169237,24.10,34.00
2025-11-11T10:36:30.271238,24.10,34.00
2025-11-11T10:36:30.373095,24.10,34.00
2025-11-11T10:36:30.475835,24.10,34.00
2025-11-11T10:36:30.578005,24.10,34.00
2025-11-11T10:36:30.680418,24.10,34.00
2025-11-11T10:36:30.782000,24.10,34.00
2025-11-11T10:36:30.884563,24.10,34.00
2025-11-11T10:36:30.986643,24.10,34.00
2025-11-11T10:36:31.089444,24.10,34.00
2025-11-11T10:36:31.191580,24.10,34.00
2025-11-11T10:36:31.294061,24.10,34.00
2025-11-11T10:36:31.396213,24.10,34.00
2025-11-11T10:36:31.498139,24.10,34.00
2025-11-11T10:36:31.599713,24.10,34.00
2025-11-11T10:36:31.702390,24.10,34.00
2025-11-11T10:36:31.804131,24.10,34.00
2025-11-11T10:36:31.906646,24.10,34.00
2025-11-11T10:36:32.008679,24.10,34.00
2025-11-11T10:36:32.110175,24.10,34.00
2025-11-11T10:36:32.212536,24.10,34.00
2025-11-11T10:36:32.314498,24.10,34.00
2025-11-11T10:36:32.416777,24.10,34.00
2025-11-11T10:36:32.518344,24.10,34.00
2025-11-11T10:36:32.620100,24.10,34.00
2025-11-11T10:36:32.722139,24.10,34.00
2025-11-11T10:36:32.824476,24.10,34.00
2025-11-11T10:36:32.926936,24.10,34.00
2025-11-11T10:36:33.028570,24.10,34.00
2025-11-11T10:36:33.130758,24.10,34.00
2025-11-11T10:36:33.233087,24.10,34.00
2025-11-11T10:36:33.334784,24.10,34.00
2025-11-11T10:36:33.436888,24.10,34.00
2025-11-11T10:36:33.538681,24.10,34.00
2025-11-11T10:36:33.640304,24.10,34.00
2025-11-11T10:36:33.742526,24.10,34.00
2025-11-11T10:36:33.844207,24.10,34.00
2025-11-11T10:36:33.945953,24.10,34.00
2025-11-11T10:36:34.048144,24.10,34.00
2025-11-11T10:36:34.149949,24.10,34.00
2025-11-11T10:36:34.252297,24.10,34.00
2025-11-11T10:36:34.355300,24.10,34.00
2025-11-11T10:36:34.458168,24.10,34.00
2025-11-11T10:36:34.559707,24.10,34.00
2025-11-11T10:36:34.661177,24.10,34.00
2025-11-11T10:36:34.762779,24.10,34.00
2025-11-11T10:36:34.865340,24.10,34.00
2025-11-11T10:36:34.967217,24.10,34.00
2025-11-11T10:36:35.068707,24.10,34.00
2025-11-11T10:36:35.170820,24.10,34.00
2025-11-11T10:36:35.272457,24.10,34.00
2025-11-11T10:36:35.374231,24.10,34.00
2025-11-11T10:36:35.475918,24.10,34.00
2025-11-11T10:36:35.577938,24.10,34.00
2025-11-11T10:36:35.680002,24.10,34.00
2025-11-11T10:36:35.782068,24.10,34.00
2025-11-11T10:36:35.884771,24.10,34.00
2025-11-11T10:36:35.987051,24.10,34.00
2025-11-11T10:36:36.089696,24.10,34.00
2025-11-11T10:36:36.192495,24.10,34.00
2025-11-11T10:36:36.295424,24.10,34.00
2025-11-11T10:36:36.397399,24.10,34.00
2025-11-11T10:36:36.499328,24.10,34.00
2025-11-11T10:36:36.601207,24.10,34.00
2025-11-11T10:36:36.703403,24.10,34.00
2025-11-11T10:36:36.806336,24.10,34.00
2025-11-11T10:36:36.908442,24.10,34.00
2025-11-11T10:36:37.010043,24.10,34.00
2025-11-11T10:36:37.113238,24.10,34.00
2025-11-11T10:36:37.215187,24.10,34.00
2025-11-11T10:36:37.317655,24.10,34.00
2025-11-11T10:36:37.419416,24.10,34.00
2025-11-11T10:36:37.521378,24.10,34.00
2025-11-11T10:36:37.622967,24.10,34.00
2025-11-11T10:36:37.725159,24.10,34.00
2025-11-11T10:36:37.826910,24.10,34.00
2025-11-11T10:36:37.928863,24.10,34.00
2025-11-11T10:36:38.030647,24.10,34.00
2025-11-11T10:36:38.132776,24.10,34.00
2025-11-11T10:36:38.234701,24.10,34.00
2025-11-11T10:36:38.336385,24.10,34.00
2025-11-11T10:36:38.438473,24.10,34.00
2025-11-11T10:36:38.540632,24.10,34.00
2025-11-11T10:36:38.642623,24.10,34.00
2025-11-11T10:36:38.744255,24.10,34.00
2025-11-11T10:36:38.845852,24.10,34.00
2025-11-11T10:36:38.947218,24.10,34.00
2025-11-11T10:36:39.049391,24.10,34.00
2025-11-11T10:36:39.151504,24.10,34.00
2025-11-11T10:36:39.254049,24.10,34.00
2025-11-11T10:36:39.355819,24.10,34.00
2025-11-11T10:36:39.457618,24.10,34.00
2025-11-11T10:36:39.559860,24.10,34.00
2025-11-11T10:36:39.661795,24.10,34.00
2025-11-11T10:36:39.764030,24.10,34.00
2025-11-11T10:36:39.865795,24.10,34.00
2025-11-11T10:36:39.967419,24.10,34.00
2025-11-11T10:36:40.069296,24.10,34.00
2025-11-11T10:36:40.171260,24.10,34.00
2025-11-11T10:36:40.273169,24.10,34.00
2025-11-11T10:36:40.378827,24.10,34.00
2025-11-11T10:36:40.480743,24.10,34.00
2025-11-11T10:36:40.582186,24.10,34.00
2025-11-11T10:36:40.684184,24.10,34.00
2025-11-11T10:36:40.786875,24.10,34.00
2025-11-11T10:36:40.888634,24.10,34.00
2025-11-11T10:36:40.990589,24.10,34.00
2025-11-11T10:36:41.092742,24.10,34.00
2025-11-11T10:36:41.194995,24.10,34.00
2025-11-11T10:36:41.297183,24.10,34.00
2025-11-11T10:36:41.399075,24.10,34.00
2025-11-11T10:36:41.501388,24.10,34.00
2025-11-11T10:36:41.603770,24.10,34.00
2025-11-11T10:36:41.705675,24.10,34.00
2025-11-11T10:36:41.807686,24.10,34.00
2025-11-11T10:36:41.910100,24.10,34.00
2025-11-11T10:36:42.012327,24.10,34.00
2025-11-11T10:36:42.114249,24.10,34.00
2025-11-11T10:36:42.216167,24.10,34.00
2025-11-11T10:36:42.317985,24.10,34.00
2025-11-11T10:36:42.419605,24.10,34.00
2025-11-11T10:36:42.521282,24.10,34.00
2025-11-11T10:36:42.623632,24.10,34.00
2025-11-11T10:36:42.725497,24.10,34.00
2025-11-11T10:36:42.828454,24.10,34.00
2025-11-11T10:36:42.930313,24.10,34.00
2025-11-11T10:36:43.031972,24.10,34.00
2025-11-11T10:36:43.134224,24.10,34.00
2025-11-11T10:36:43.236198,24.10,34.00
2025-11-11T10:36:43.338641,24.10,34.00
2025-11-11T10:36:43.440352,24.10,34.00
2025-11-11T10:36:43.542042,24.10,34.00
2025-11-11T10:36:43.643595,24.10,34.00
2025-11-11T10:36:43.745700,24.10,34.00
2025-11-11T10:36:43.850364,24.10,34.00
2025-11-11T10:36:43.952965,24.10,34.00
2025-11-11T10:36:44.055672,24.10,34.00
2025-11-11T10:36:44.157977,24.10,34.00
2025-11-11T10:36:44.260075,24.10,34.00
2025-11-11T10:36:44.362082,24.10,34.00
2025-11-11T10:36:44.463800,24.10,34.00
2025-11-11T10:36:44.565605,24.10,34.00
2025-11-11T10:36:44.669713,24.10,34.00
2025-11-11T10:36:44.771096,24.10,34.00
2025-11-11T10:36:44.872996,24.10,34.00
2025-11-11T10:36:44.975228,24.10,34.00
2025-11-11T10:36:45.076954,24.10,34.00
2025-11-11T10:36:45.178786,24.10,34.00
2025-11-11T10:36:45.280795,24.10,34.00
2025-11-11T10:36:45.382791,24.10,34.00
2025-11-11T10:36:45.484154,24.10,34.00
2025-11-11T10:36:45.585771,24.10,34.00
2025-11-11T10:36:45.690998,24.10,34.00
2025-11-11T10:36:45.793050,24.10,34.00
2025-11-11T10:36:45.894867,24.10,34.00
2025-11-11T10:36:45.996290,24.10,34.00
2025-11-11T10:36:46.098023,24.10,34.00
2025-11-11T10:36:46.199485,24.10,34.00
2025-11-11T10:36:46.301676,24.10,34.00
2025-11-11T10:36:46.403909,24.10,34.00
2025-11-11T10:36:46.506029,24.10,34.00
2025-11-11T10:36:46.607541,24.10,34.00
2025-11-11T10:36:46.710036,24.10,34.00
2025-11-11T10:36:46.812253,24.10,34.00
2025-11-11T10:36:46.914040,24.10,34.00
2025-11-11T10:36:47.015881,24.10,34.00
2025-11-11T10:36:47.117819,24.10,34.00
2025-11-11T10:36:47.221322,24.10,34.00
2025-11-11T10:36:47.323785,24.10,34.00
2025-11-11T10:36:47.425712,24.10,34.00
2025-11-11T10:36:47.529904,24.10,34.00
2025-11-11T10:36:47.632252,24.10,34.00
2025-11-11T10:36:47.734149,24.10,34.00
2025-11-11T10:36:47.835645,24.10,34.00
2025-11-11T10:36:47.937519,24.10,34.00
2025-11-11T10:36:48.039041,24.10,34.00
2025-11-11T10:36:48.141878,24.10,34.00
2025-11-11T10:36:48.243828,24.10,34.00
2025-11-11T10:36:48.346029,24.10,34.00
2025-11-11T10:36:48.448071,24.10,34.00
2025-11-11T10:36:48.549682,24.10,34.00
2025-11-11T10:36:48.652026,24.10,34.00
2025-11-11T10:36:48.754018,24.10,34.00
2025-11-11T10:36:48.855576,24.10,34.00
2025-11-11T10:36:48.957034,24.10,34.00
2025-11-11T10:36:49.058737,24.10,34.00
2025-11-11T10:36:49.161058,24.10,34.00
2025-11-11T10:36:49.262498,24.10,34.00
2025-11-11T10:36:49.365343,24.10,34.00
2025-11-11T10:36:49.466845,24.10,34.00
2025-11-11T10:36:49.568418,24.10,34.00
2025-11-11T10:36:49.672691,24.10,34.00
2025-11-11T10:36:49.775229,24.10,34.00
2025-11-11T10:36:49.876898,24.10,34.00
2025-11-11T10:36:49.978230,24.10,34.00
2025-11-11T10:36:50.080598,24.10,34.00
2025-11-11T10:36:50.182598,24.10,34.00
2025-11-11T10:36:50.285490,24.10,34.00
2025-11-11T10:36:50.387934,24.10,34.00
2025-11-11T10:36:50.489647,24.10,34.00
2025-11-11T10:36:50.591175,24.10,34.00
2025-11-11T10:36:50.693148,24.10,34.00
2025-11-11T10:36:50.795129,24.10,34.00
2025-11-11T10:36:50.897178,24.10,34.00
2025-11-11T10:36:50.998809,24.10,34.00
2025-11-11T10:36:51.100294,24.10,34.00
2025-11-11T10:36:51.202713,24.10,34.00
2025-11-11T10:36:51.304638,24.10,34.00
2025-11-11T10:36:51.407139,24.10,34.00
2025-11-11T10:36:51.509119,24.10,34.00
2025-11-11T10:36:51.610611,24.10,34.00
2025-11-11T10:36:51.712688,24.10,34.00
2025-11-11T10:36:51.815492,24.10,34.00
2025-11-11T10:36:51.917845,24.10,34.00
2025-11-11T10:36:52.020662,24.10,34.00
2025-11-11T10:36:52.122980,24.10,34.00
2025-11-11T10:36:52.225126,24.10,34.00
2025-11-11T10:36:52.327142,24.10,34.00
2025-11-11T10:36:52.429824,24.10,34.00
2025-11-11T10:36:52.531880,24.10,34.00
2025-11-11T10:36:52.634816,24.10,34.00
ts,tempC,humidity
2025-11-11T10:37:14.622444,24.10,34.00
2025-11-11T10:37:16.624795,24.10,34.00
2025-11-11T10:37:18.627081,24.10,34.00
2025-11-11T10:37:20.629832,24.10,34.00
2025-11-11T10:37:22.632653,24.10,34.00
2025-11-11T10:37:24.634636,24.10,34.00
2025-11-11T10:37:26.637375,24.10,34.00
2025-11-11T10:37:28.639480,24.10,34.00
2025-11-11T10:37:30.642136,24.10,34.00
2025-11-11T10:37:32.644027,24.10,34.00
2025-11-11T10:37:34.647042,24.10,34.00
2025-11-11T10:37:36.649990,24.10,34.00
2025-11-11T10:37:38.651757,24.10,34.00
2025-11-11T10:37:40.653813,24.10,34.00
2025-11-11T10:37:42.655808,24.10,34.00
2025-11-11T10:37:44.658542,24.10,34.00
2025-11-11T10:37:46.660847,24.10,34.00
2025-11-11T10:37:48.663471,24.10,34.00
2025-11-11T10:37:50.665605,24.10,34.00
2025-11-11T10:37:52.668435,24.10,34.00
2025-11-11T10:37:54.670807,24.10,34.00
2025-11-11T10:37:56.672752,24.10,34.00
2025-11-11T10:37:58.676188,24.10,34.00
2025-11-11T10:38:00.678411,24.10,34.00
2025-11-11T10:38:02.680334,24.10,34.00
2025-11-11T10:38:04.682999,24.10,34.00
2025-11-11T10:38:06.685168,24.10,34.00
2025-11-11T10:38:08.688042,24.10,34.00
2025-11-11T10:38:10.690887,24.10,34.00
2025-11-11T10:38:12.693157,24.10,34.00
2025-11-11T10:38:14.695390,24.10,34.00
2025-11-11T10:38:16.697572,24.10,34.00
2025-11-11T10:38:18.699500,24.00,34.00
2025-11-11T10:38:20.701369,24.00,34.00
2025-11-11T10:38:22.703491,24.00,34.00
ts,tempC,humidity
2025-11-11T10:39:09.938501,24.00,34.00
2025-11-11T10:39:11.940741,24.00,34.00
2025-11-11T10:39:13.942627,24.00,34.00
2025-11-11T10:39:15.944928,24.00,34.00
2025-11-11T10:39:17.947790,24.00,34.00
2025-11-11T10:39:19.950466,24.00,34.00
2025-11-11T10:39:21.954159,24.00,34.00
2025-11-11T10:39:23.956732,24.00,34.00
2025-11-11T10:39:25.959652,24.00,34.00
2025-11-11T10:39:27.961305,24.00,34.00
2025-11-11T10:39:29.963505,24.00,34.00
2025-11-11T10:39:31.966484,24.00,34.00
2025-11-11T10:39:33.969331,24.00,34.00
2025-11-11T10:39:35.971251,24.00,34.00
2025-11-11T10:39:37.976095,24.00,34.00
2025-11-11T10:39:39.979709,24.00,34.00
2025-11-11T10:39:41.983274,24.00,34.00
2025-11-11T10:39:43.985662,24.00,34.00
2025-11-11T10:39:45.988501,24.00,34.00
2025-11-11T10:39:47.990843,24.00,34.00
2025-11-11T10:39:49.993510,24.00,34.00
2025-11-11T10:39:51.997318,24.00,34.00
2025-11-11T10:39:54.000546,24.00,34.00
2025-11-11T10:39:56.002669,24.00,34.00
2025-11-11T10:39:58.004882,24.00,34.00
2025-11-11T10:40:00.008102,24.00,34.00
2025-11-11T10:40:02.010208,24.00,34.00
2025-11-11T10:40:04.011921,24.00,34.00
2025-11-11T10:40:06.014634,24.00,34.00
2025-11-11T10:40:08.017794,24.00,34.00
2025-11-11T10:40:10.020340,24.00,34.00
2025-11-11T10:40:12.023793,24.00,34.00
2025-11-11T10:40:14.026657,24.00,34.00
2025-11-11T10:40:16.029578,24.00,34.00
2025-11-11T10:40:18.032152,24.00,34.00
2025-11-11T10:40:20.034158,24.00,34.00
2025-11-11T10:40:22.037122,24.00,34.00
2025-11-11T10:40:24.039252,24.00,34.00
2025-11-11T10:40:26.041443,24.00,34.00
2025-11-11T10:40:28.043861,24.00,34.00
2025-11-11T10:40:30.047142,24.00,34.00
2025-11-11T10:40:32.049919,24.00,34.00
2025-11-11T10:40:34.052208,24.00,34.00
2025-11-11T10:40:36.056493,24.00,34.00
2025-11-11T10:40:38.058914,24.00,34.00
2025-11-11T10:40:40.061223,24.00,34.00
ts,tempC,humidity
2025-11-11T10:41:28.720138,23.90,34.00
2025-11-11T10:41:30.722518,23.90,34.00
2025-11-11T10:41:32.724503,23.90,34.00
2025-11-11T10:41:34.726990,23.90,34.00
2025-11-11T10:41:36.728739,23.90,34.00
ts,tempC,humidity
2025-11-11T10:46:55.421432,23.60,32.00
2025-11-11T10:46:57.423928,23.60,32.00
2025-11-11T10:46:59.426074,23.60,32.00
2025-11-11T10:47:01.428032,23.60,32.00
2025-11-11T10:47:03.431113,23.60,32.00
2025-11-11T10:47:05.434137,23.60,32.00
2025-11-11T10:47:07.437727,23.60,32.00
2025-11-11T10:47:09.440755,23.60,32.00
2025-11-11T10:47:11.443555,23.60,32.00
2025-11-11T10:47:13.446229,23.60,32.00
2025-11-11T10:47:15.448503,23.60,32.00
2025-11-11T10:47:17.451157,23.60,32.00
2025-11-11T10:47:19.453916,23.60,32.00
2025-11-11T10:47:21.456153,23.60,32.00
2025-11-11T10:47:23.458991,23.60,32.00
ts,tempC,humidity
2025-11-11T10:51:47.975248,23.60,32.00
2025-11-11T10:51:49.980272,23.60,32.00
2025-11-11T10:51:51.984470,23.60,32.00
2025-11-11T10:51:53.986902,23.60,32.00
2025-11-11T10:51:55.988783,23.60,32.00
2025-11-11T10:51:57.990990,23.60,32.00
2025-11-11T10:51:59.994566,23.60,32.00
2025-11-11T10:52:01.998002,23.60,32.00
2025-11-11T10:52:04.000681,23.60,32.00
2025-11-11T10:52:06.004943,23.60,32.00
2025-11-11T10:52:08.010450,23.60,32.00
2025-11-11T10:52:10.014379,23.60,32.00
2025-11-11T10:52:12.017444,23.60,32.00
2025-11-11T10:52:14.019603,23.60,32.00
2025-11-11T10:52:16.022669,23.60,32.00
2025-11-11T10:52:18.024977,23.60,32.00
2025-11-11T10:52:20.028088,23.60,32.00
2025-11-11T10:52:22.030343,23.60,32.00
2025-11-11T10:52:24.032473,23.60,32.00
2025-11-11T10:52:26.034600,23.60,32.00
2025-11-11T10:52:28.037060,23.60,32.00
2025-11-11T10:52:30.039610,23.60,32.00
2025-11-11T10:52:32.041474,23.60,32.00
2025-11-11T10:52:34.045026,23.60,32.00
2025-11-11T10:52:36.048823,23.60,32.00
2025-11-11T10:52:38.052014,23.60,32.00
2025-11-11T10:52:40.054858,23.60,32.00
2025-11-11T10:52:42.057234,23.60,32.00
ts,tempC,humidity
2025-11-11T11:03:53.129264,23.90,34.00
2025-11-11T11:03:55.132766,23.90,34.00
2025-11-11T11:03:57.134847,23.90,34.00
2025-11-11T11:03:59.137832,23.90,34.00
2025-11-11T11:04:01.140680,23.90,34.00
2025-11-11T11:04:03.143485,23.90,34.00
2025-11-11T11:04:05.146360,23.90,34.00
2025-11-11T11:04:07.148982,23.90,34.00
2025-11-11T11:04:09.151556,23.90,34.00
2025-11-11T11:04:11.154547,23.90,34.00
2025-11-11T11:04:13.157255,23.90,34.00
2025-11-11T11:04:15.160307,23.90,34.00
2025-11-11T11:04:17.163571,23.90,34.00
2025-11-11T11:04:19.166303,23.90,34.00
2025-11-11T11:04:21.170179,23.90,34.00
2025-11-11T11:04:23.172265,23.90,34.00
2025-11-11T11:04:25.174692,23.90,34.00
2025-11-11T11:04:27.177070,23.90,34.00
2025-11-11T11:04:29.179083,23.90,34.00
2025-11-11T11:04:31.181285,23.90,34.00
2025-11-11T11:04:33.184622,23.90,34.00
2025-11-11T11:04:35.186692,23.90,34.00
2025-11-11T11:04:37.189178,23.90,34.00
2025-11-11T11:04:39.192254,23.90,34.00
2025-11-11T11:04:41.194272,23.90,34.00
2025-11-11T11:04:43.196708,23.90,34.00
2025-11-11T11:04:45.199446,23.90,34.00
2025-11-11T11:04:47.202599,23.90,34.00
2025-11-11T11:04:49.205247,23.90,34.00
2025-11-11T11:04:51.208484,23.90,34.00
2025-11-11T11:04:53.210384,23.90,34.00
2025-11-11T11:04:55.213328,23.90,34.00
2025-11-11T11:04:57.215773,23.90,34.00
2025-11-11T11:04:59.217751,23.90,34.00
2025-11-11T11:05:01.220716,23.90,34.00
2025-11-11T11:05:03.222840,23.90,34.00
2025-11-11T11:05:05.225460,23.90,34.00
2025-11-11T11:05:07.228163,23.90,34.00
2025-11-11T11:05:09.230775,23.90,34.00
2025-11-11T11:05:11.233743,23.90,34.00
2025-11-11T11:05:13.237583,23.90,34.00
2025-11-11T11:05:15.241165,23.90,34.00
2025-11-11T11:05:17.243174,23.90,34.00
2025-11-11T11:05:19.244844,23.90,34.00
2025-11-11T11:05:21.247675,23.90,34.00
2025-11-11T11:05:23.250756,23.90,34.00
2025-11-11T11:05:25.254455,23.90,34.00
2025-11-11T11:05:27.258300,23.90,34.00
2025-11-11T11:05:29.261290,23.90,34.00
2025-11-11T11:05:31.263875,23.90,34.00
2025-11-11T11:05:33.266282,23.90,34.00
2025-11-11T11:05:35.268476,23.90,34.00
2025-11-11T11:05:37.270780,23.90,34.00
2025-11-11T11:05:39.272551,23.90,34.00
2025-11-11T11:05:41.274042,23.90,34.00
2025-11-11T11:05:43.276502,23.90,34.00
2025-11-11T11:05:45.278211,23.90,34.00
2025-11-11T11:05:47.279758,23.90,34.00
2025-11-11T11:05:49.282979,23.90,34.00
2025-11-11T11:05:51.286479,23.90,34.00
2025-11-11T11:05:53.289776,23.90,34.00
2025-11-11T11:05:55.292178,23.90,34.00
2025-11-11T11:05:57.294890,23.90,34.00
2025-11-11T11:05:59.297825,23.90,34.00
2025-11-11T11:06:01.301236,23.90,34.00
2025-11-11T11:06:03.303102,23.90,34.00
2025-11-11T11:06:05.305919,23.90,34.00
2025-11-11T11:06:07.309006,23.90,34.00
2025-11-11T11:06:09.311661,23.90,34.00
2025-11-11T11:06:11.314667,23.90,34.00
2025-11-11T11:06:13.318174,23.90,34.00
2025-11-11T11:06:15.321801,23.90,34.00
2025-11-11T11:06:17.324633,23.90,34.00
2025-11-11T11:06:19.327337,23.90,34.00
2025-11-11T11:06:21.330458,23.90,34.00
2025-11-11T11:06:23.332471,23.90,34.00
2025-11-11T11:06:25.334832,23.90,34.00
2025-11-11T11:06:27.337939,23.90,34.00
2025-11-11T11:06:29.341216,23.90,34.00
2025-11-11T11:06:31.344247,23.90,34.00
2025-11-11T11:06:33.347441,23.90,34.00
2025-11-11T11:06:35.349277,23.90,34.00
2025-11-11T11:06:37.352290,23.90,34.00
2025-11-11T11:06:39.354172,23.90,34.00
2025-11-11T11:06:41.356889,23.90,34.00
2025-11-11T11:06:43.360402,23.90,34.00
2025-11-11T11:06:45.363247,23.90,34.00
2025-11-11T11:06:47.365153,23.90,34.00
2025-11-11T11:06:49.367156,23.90,34.00
2025-11-11T11:06:51.369426,23.90,34.00
2025-11-11T11:06:53.371122,23.90,34.00
2025-11-11T11:06:55.373250,23.90,34.00
2025-11-11T11:06:57.375735,23.90,34.00
2025-11-11T11:06:59.377881,23.90,34.00
2025-11-11T11:07:01.381580,23.90,34.00
2025-11-11T11:07:03.383284,23.90,34.00
2025-11-11T11:07:05.385337,23.90,34.00
2025-11-11T11:07:07.388305,23.90,34.00
2025-11-11T11:07:09.391500,23.90,34.00
2025-11-11T11:07:11.394429,23.90,34.00
2025-11-11T11:07:13.396191,23.90,34.00
2025-11-11T11:07:15.398370,23.90,34.00
